<?xml version="1.0" encoding="UTF-8"?>
<rss version="2.0" xmlns:ror="http://rorweb.com/0.1/" >
<channel>
  <title>ROR Sitemap for https://firetipsedu.com/</title>
  <link>https://firetipsedu.com/</link>

<item>
     <link>https://firetipsedu.com/</link>
     <title>Academic/ Content writing/ Freelancing and Transcription Sites</title>
     <description>Get immediate academic and content writing services, freelancing and best transcription jobs sites</description>
     <ror:updatePeriod></ror:updatePeriod>
     <ror:sortOrder>0</ror:sortOrder>
     <ror:resourceOf>sitemap</ror:resourceOf>
</item>
</channel>
</rss>
  