price,VehicleBrand,name,quantity,image
45000, fh,Tube Empty FH,0,
30000,Select the brand,Tube Empty UD,1,
,Select the brand,Head Compressor Fuso,3,
, fh,Hanger without Swinger back FH,7,
,canter,Water Separator Canter,3,
,mk210,Cartilage mk210,1,
,Select the brand,Drum 3.3,2,
,Select the brand,Crown WheeI Intercooler Fuso,2,
,Select the brand,Cartilage 4.3,2,
,frr,Hanger Front Back Swinger FRR,6,
,Select the brand,Tube Empty UD,1,
,Select the brand,Crown Wheel 4D31,3,
,canter,Engine Mountain Canter,2,
,Select the brand,Booster FVX Fuso,1,
,canter,Hanger front back Canter,5,
,frr,Diff FRR,3,
,Select the brand,Hub rear Fuso,4,
,Select the brand,Shaft Axle FSR ,0,
,Select the brand,Con rod 4D35,8,
,frr,Hub and Drum Rear FRR,5,
,Select the brand,Kremb Center Rubber Fuso,4,
,,Shooter  Ex Fuso,1,
,Select the brand,Washer Tube,13,
,canter,Starter Canter,1,
, fh,Diff Gears sets Fuso Big,4,
, fh,Kremb Diff FH 22,4,
, fh, Mountain Gear Box FH,1,
,Select the brand,Shooter Fleno Fuso,2,
,Select the brand,Cross Member  Fuso,3,
,Select the brand,Cartilage Fuso,8,
, fh,Turbo Fuso,2,
,Select the brand,Shaft Axle20,1,
,frr,Front Nut ,4,
, fh,Handbrake Complete ,1,
,Select the brand,Tube 4D31,1,
,Select the brand,Cross Hino,2,
,Select the brand,Front Axle 3.3,1,
,frr,Radiator FRR,1,
,frr,Starb Axle (New) FRR,3,
,Select the brand,Brake Pipes ,72,
,Select the brand,Hanger front front Fuso,6,
,Select the brand,Diff Gears sets 4.3 ,4,
,Select the brand,Tie rod ends FSR,2,
,frr,Steering Yoke FRR,1,
,Select the brand,Lining ,82,
,hino500,Cartilage Hino500,2,
,Select the brand,Diff Gears 4D35 ,1,
,Select the brand,Hanger front back fuso,1,
,Select the brand,Clutch Plate Fuso,7,
,Select the brand,Backplate Cylinder 3.6 (14) Rear Set ,4,
,canter,Hanger Back cast (8 bolt) Canter,2,
,Select the brand,Diff Washers FSR Sets,8,
,Select the brand,Propeller cut NQR/FRR,6,
,canter,Front Axle Knob Canter,1,
,Select the brand,Shaft Axle UD 26,4,
,Select the brand,Drum 4.3,4,
,frr,Con rod FRR,1,
, fh,Tube Empty FH,0,
,canter,Cross Canter,6,
, fh,Alternator Oil Pipe FH,1,
,canter,Helper HD Canter,4,
,frr,Tie rod ends FRR,4,
,Select the brand,Water Separator 4.3,1,
,Select the brand,Water Pump 4D35,1,
,Select the brand,Crown Wheel 7/39 FSR,3,
,canter,Booster (New) Canter,1,
, fh,Water Pump FH,2,
,hino500,Shaft Axle 4.3 Hino500,6,
,Select the brand,Shaft Axle 4D32 New,1,
,,Tube Nut FRR,6,
,Select the brand,Hub 3.3,2,
,Select the brand,Water Jacket Center,4,
,canter,Hanger Back (mabati) 2 with swinger Canter,8,
,frr,Front Axle Complete FRR,4,
, fh,Front Axle Empty FH,2,
,Select the brand,Starter 4.3,1,
,Select the brand,Shaft Axle FTR,5,
,nqr,Turbo NQR,1,
,frr,Diff Gears FRR,10,
, fh,Draglink FH 100,1,
, fh,Rim Size 22 Fuso,2,
,Select the brand,Shaft Axle 3.6 long 27,1,
, fh,Track rod FH,1,
,nqr,Pressure Plate NQR,2,
,Select the brand,Draglink HD,4,
,Select the brand, Mountain Gear Box Fuso,2,
, fh,Clock FH,1,
,Select the brand,Center Rubber 4D35,3,
,Select the brand,Cage fuso fighter,1,
,Select the brand,Con rod Fuso,2,
,Select the brand,Hanger 5.7 R,2,
,Select the brand,Spring gear,1,
, fh,Tie rod ends FH,5,
,4,Half Engine 4HF1,1,
,,Bearing 213/215 ,97,
,Select the brand,Wheel Machine Fuso,2,
,Select the brand,Release Bearing 4.3,4,
,frr,Pressure Plate FRR,2,
,Select the brand,Tube Empty 4D32,1,
,canter,Alternator Ex Canter,1,
, fh,Bamper FH,1,
,frr,Bearing front outer FRR,2,
,Select the brand,Radiator 4D32,4,
,Select the brand,Flange Diff 4.3 ,2,
,,Track rod 3.6 ,2,
,Select the brand,Lock Arm 4.3,1,
,Select the brand,Cage 4D31,1,
,canter,Tube Nut Canter,2,
,canter,Helper 4D31  Canter,2,
,frr,Shaft Axle New FRR,3,
,Select the brand,Backplate Cylinder 3.3 Rear Set,5,
,frr,Hub and drum front FRR,3,
, fh,Drum Rear FH,1,
,,Helper 4.3,17,
,Select the brand,Fork 4D35 ,1,
,canter,Kibuyu Brake Canter,1,
,canter,Disk Front Axle Canter,3,
,Select the brand,Kremb Center Rubber  4.3,1,
, fh,Helper hanger FH,8,
,canter,Shaft Axle 4D32 Canter,2,
,Select the brand,Rod Fuso,1,
,Select the brand,Sensor Center Reverse,5,
, fh,Pressure Plate FH,4,
,Select the brand, Air Cleaner 3.6,1,
,dyna,Tube Complete Dyna,1,
,Select the brand,Tube nut HD,2,
,Select the brand,Tube Cut 4D31,2,
,frr,Hub Front FRR,6,
,Select the brand,Sensor (New) 4.3,1,
,nkr,Diff  3.6 NKR,2,
, fh,Shaft Axle FH,3,
,Select the brand,Draglink 3.3,1,
,,Tube Empty 3.6,0,
,Select the brand,Propeller cut fuso,4,
,Select the brand,Backplate Cylinder Fuso (New) set,3,
,canter,Hub Canter,3,
,Select the brand,Crankshaft 4BEK/3.6 ,2,
,Select the brand,Crown Wheel opposite Fuso,2,
,Select the brand,Release Bearing 4D35,3,
,Select the brand,Drum rear Hino,1,
, fh,Hanger front front FH,18,
,frr,Front cut Complete FRR,4,
,frr,Head Compressor FRR,1,
,nkr,Tube 3.6 NKR,2,
,Select the brand,Front Axle NHR Complete,1,
,frr,Diff FRR,3,
,frr,Bearing front inner FRR,6,
,Select the brand,Crown Wheel 6/39 FSR,4,
, fh,Kibuyu Maji FH,1,
,Select the brand,Backplate Cylinder Rear Set HD,2,
,Select the brand,Shaft Axle 4D31 New,2,
,Select the brand,Jack 32 Ton,3,
,canter,Synchronizer ,3,
, fh,Cartilage FH,4,
,Select the brand,Hanger FVR Complete set,1,
,Select the brand,Tank Diesel 4.3,1,
,Select the brand,Ubolt Holder,9,
,Select the brand,Fork 450,2,
,Select the brand,Flywheel FSR,1,
,nkr,Hub and drum rear NKR,1,
,Select the brand,Shaft Axle 3.6,6,
,canter,Bamper Canter,1,
,Select the brand,Ex Pressure Plater 4D32,4,
,isuzu,Arm Suspension ISUZU,4,
, fh,Wheel Stand FH,24,
,Select the brand,Top Cover 4.3,1,
,Select the brand,Backplate Cylinder Front Set HD,5,
,Select the brand,Yoke 4D35,1,
,,Tube Empty 3.3,4,
, fh,Alternator FH,2,
,frr,Tube FRR,2,
,Select the brand,Backplate Cylinder4.4 Front,1,
,frr,Cylinder Front FRR,2,
,Select the brand,Wiper Arms,5,
,canter,Kibuyu Power Canter,2,
,Select the brand,Cartilage Iveco,1,
,Select the brand,Seal Diff 4.3 ,9,
,Select the brand,Booster Complete 4.3,1,
,Select the brand,Diff 4D35 7/37,1,
, fh,Kremb Center Rubber FH,1,
,Select the brand,Turbo Pipe Fuso,5,
,Select the brand,Washers,37,
,Select the brand,Diff Gears 41,2,
,Select the brand,Hub Hino rear,1,
, fh,Booster FH,1,
,frr,Starb Axle FRR,2,
,Select the brand,Damper Rubber,39,
,Select the brand,Bearing 30309,1,
,Select the brand,Tube NHR Complete,1,
,Select the brand,Hub Hino front,1,
, fh,Indicator FH,7,
, fh,Center Rubber FH,1,
, fh,Cage empty FH,1,
,Select the brand,Kibuyu Power FH/Fuso,2,
,frr,Crown Wheel FRR,5,
,frr,Cross FRR,15,
,Select the brand,Gear Box Fuso Speed,1,
,Select the brand,Brake Booster 4D35,4,
,Select the brand,Hanger front front FSR,2,
,Select the brand,Drum Handbrake Fuso,1,
,frr,Diff Gears New FRR,2,
,Select the brand,Shaft Axle HD,1,
,Select the brand,Clutch Cylinder 4D35,1,
,frr,Bearing Front FRR,4,
,Select the brand,Pressure Plate Diaphragm Fuso,1,
,frr,Shaft Axle 25 New FRR,2,
,Select the brand,Draglink 4.3,5,
,canter,Track rod Canter,1,
,Select the brand,Fork 4.3 ,1,
,Select the brand,Exhaust Flexible,7,
, fh,Draglink FH,14,
,Select the brand,Diff Gears sets FSR,2,
,canter,Drum 4D31 Canter,2,
,Select the brand,Caprin Fuso,1,
, fh,Crown Wheel FH,4,
,Select the brand,Fleno 4.3 New,4,
, fh,Seal Diff FH,6,
,frr,Starb Axle FRR,1,
,Select the brand,Diff hinno 10/39,1,
,frr,Kibuyu FRR,1,
,Select the brand,Center Rubber Fuso,1,
,Select the brand,Clutch Cylinder 4.3,2,
,Select the brand,Arm Cabin New,1,
,Select the brand,Propeller cut 4D35,6,
,Select the brand,Kibuyu Power 4.3,2,
,,Bearing Diff,8,
,Select the brand,Backplate ,29,
,nkr,Diff Gears sets 3.3 NKR,3,
,Select the brand,Crankshaft 4.3  ,0,
, fh,Kifuniko Air Cleaner FH,2,
,Select the brand,Drum Handbrake 4.3,5,
,canter,Kifuniko Air Cleaner Canter,2,
,frr,Shaft Axle 37 FRR,5,
,frr,Hanger 4.3 Back rear FRR,14,
,Select the brand,Booster Brake FSR,6,
,Select the brand,Draglink 4D31,1,
, fh,Side Mirror Arm FH,4,
,Select the brand,Crankshaft 4D33 New,1,
,Select the brand,Alternator 4.3,1,
,Select the brand,Selector Cable 4.3,1,
,,Grease 1kg ,3,
,Select the brand,Release Bearing 3.3,2,
,frr,Cartilage FRR,4,
,canter,Clutch Cylinder Canter,3,
,Select the brand,Main Pack Fuso,9,
,Select the brand,Crown Wheel banana Fuso,1,
,,Front Axle Shaft 4.3 ,5,
,Select the brand,Fleno Booster Pump,3,
,Select the brand,Steering Box 4.3,2,
,Select the brand,Flywheel 4.3,2,
,Select the brand,Steering York 4.3/3.6,6,
,,Bearing 3.3, 4.3 and canter,53,
,Select the brand,Cartilage 4D35,3,
,Select the brand,Cross Fuso,3,
,Select the brand,Shaft Axle 3.3,10,
,Select the brand,Diff Gears sets Fuso Big,7,
,nkr,Diff  3.3 NKR,2,
,nkr,Hub rear 3.6 NKR,3,
,Select the brand,Oil Cooler Cover Center,3,
,frr,Handbrake Complete FRR,3,
,Select the brand,Foot valve fuso,2,
,Select the brand,Crown Wheel Hynuai,1,
,Select the brand,Hub rear FTR,2,
,Select the brand,Shaft Axle 4D35 New,2,
,Select the brand,Crown Wheel Fighter,5,
,Select the brand,Diff Gears sets Hino,2,
,,Front Axle 4D32 Disk,1,
,Select the brand,Gear Box,1,
,frr,Shooter Fleno FRR,2,
,Select the brand,Return Springs sets,30,
,Select the brand, Fleno Booster 4.3,4,
,Select the brand,Shock Plater,2,
,Select the brand,Door 4D35,8,
,Select the brand,Master Cylinder 4D31,1,
,frr,Hanger rear (5 bolt) with swinger FRR,1,
,Select the brand,Cage complete 4.3 ,2,
,Select the brand,Engine Stoper,1,
, fh,Sensor FH,2,
,Select the brand,Hanger front back FSR,2,
,Select the brand,Cross UD,2,
,,Bearing front,40,
,Select the brand,Hanger rear front 4.3 ,4,
,Select the brand,York fuso,1,
,Select the brand,Shock Holder,19,
,Select the brand,Flywheel 4D32,3,
,Select the brand,Wheel Spanner,6,
,,Drum New HD,3,
, fh,Power Pipe FH,1,
,Select the brand,Booster 4.3 (New),2,
,Select the brand,Jack 16 Ton,2,
, fh,Release Bearing FH,3,
,canter,Flywheel Ring Canter,1,
,frr,Shaft Axle 25 FRR,5,
,frr,Tube cut Complete FRR,1,
,Select the brand,Cap Diesel Tank,1,
,canter,Tube Cut Small Canter,1,
,frr,Cross Member FRR,1,
, fh,Backplate Cylinder Rear Set FH,5,
,Select the brand,Nut 4.3,3,
,Select the brand,Diff 4.3 C.D,6,
,,Tube Empty 4D35,1,
,Select the brand,Water Pump 4.3,2,
,nkr,Steering Box 4.3 NKR,2,
,Select the brand,Tube Complete  HD,1,
,Select the brand,Dashboard Canter/FH,1,
,Select the brand,Hub rear FSR,1,
,Select the brand,Propeller cut 4D32 & 31,3,
,frr,Helper FRR,5,
,Select the brand,Vacuum Pump Center big,2,
,Select the brand,Diff  fighter 9/37,2,
,,Bearing Fuso Big,8,
,frr,Booster Brake FRR,15,
,Select the brand,Crown Wheel 4.3,3,
,Select the brand,Seal Diff Fuso,2,
,frr,Water Pump FRR,1,
,frr,Steering Box FRR,1,
,canter,Hanger front front Canter,6,
, fh,Center Rubber FH,3,
,Select the brand,Propeller complete with york fuso,1,
,Select the brand,Crown Wheel 8*39 boH22,1,
,frr,Hanger rear (6 bolt) FRR,6,
,Select the brand,Cartilage 4.3,2,
,Select the brand,Shaft Axle Big Fuso,4,
,Select the brand,Housing diff 4.3,2,
, fh,Fan FH,1,
,frr,Backplate FRR,5,
,Select the brand,Backplate 4.3,8,
,frr,Hanger front front FRR,5,
,Select the brand,Pressure Plater 3.6 ,1,
,Select the brand,Door Complete 4.3,3,
,Select the brand,Synchronizer Fuso,2,
,frr,Draglink FRR,1,
, fh,Magneto FH,3,
,frr,Lining Front set FRR,2,
,Select the brand,Propeller cut 4.3,4,
,Select the brand,Booster Complete 3.3,10,
,hino500,Shaft Axle Hino500,2,
,Select the brand,Helper fighter,2,
,canter,Hanger cast (6 bolt) Canter,2,
,frr,Tube Cut FRR,7,
,Select the brand,Shaft Axle 4.3 long 33,3,
,nkr,Dragon rick NKR,1,
, fh,Propeller cut FH,2,
,Select the brand,Door Fuso FMR,1,
,,Tube Empty 4.3,4,
, fh,Radiator FH,3,
,frr,Hub and Drum Front FRR,2,
, fh,Backplate Cylinder Front Set FH,5,
,Select the brand,Water Pump 3.3,2,
,Select the brand,Radiator 4.3 Ex,1,
,Select the brand,Cartilage Pipe,3,
,,Spacer seal,23,
,Select the brand,Water Pipe ,0,
,Select the brand,Pressure Tanks Complete,3,
,fh,Gear Box Complete FH,0,
,Select the brand,Tube Complete  Nissan UD,1,
, fh,Hanger kisamaki FH,3,
,Select the brand,Shaft Axle F1,1,
,canter,Drum 4D31 New Canter,0,
,Select the brand,Jack 20 Ton,3,
,Select the brand,Backplate UD,3,
,Select the brand,Alternator 4D31 ,1,
,nqr,Flywheel NQR,1,
,Select the brand,Propeller complete 4D31,1,
,,Tube 4.3 empty with Diff,1,
,Select the brand,Diff Gear sets UD,1,
,,Tube Empty 4.3,1,
, fh,Fleno FH,2,
,,Hub 4.3,7,
, fh,Cross FH,19,
,Select the brand,Propeller cut 3.3,1,
,Select the brand,Master CylinderHD ,1,
,frr,Tank Bracket FRR,1,
,frr,Seal FRR,10,
,Select the brand,Diff Gears Fighter set,2,
,Select the brand,York 4D31 New,1,
,Select the brand,Propeller cut UD,5,
,frr,Drum front New FRR,1,
,Select the brand,Cage empty 4.3,2,
, fh,French Gear Box FH,7,
, fh,Front Axle Shaft FH,2,
,Select the brand,Hanger with Swinger  UD,2,
,Select the brand,Water Pump Fuso nONE,2,
, fh,Flywheel FH,2,
, fh,Pad Clutch Plate FH,1,
,,Pilot Fuso ,3,
, fh,Synchronizer FH,1,
,Select the brand,Steering Box 3.6,2,
,nkr,Drum rear NKR,2,
,Select the brand,Crankshaft 4D31,2,
,Select the brand,Kimshaft 4D31,2,
,Select the brand,Handbrake Complete 4D35,4,
,Select the brand,Clutch Booster 4D35,2,
, fh,Hanger front kimeza FH,3,
,isuzu,Coil Spring ISUZU,1,
,Select the brand,Handbrake Complete 4.3,4,
,Select the brand,Propeller Fuso,1,
,Select the brand,Yoke 4D31,1,
,Select the brand,Clock  4.3,2,
,nqr,Clutch Cylinder NQR,4,
,canter,Air Cleaner Canter,1,
,Select the brand,Pressure Plate 4.3,4,
,Select the brand,Shaft Axle 4.3 New,3,
,Select the brand,Round Clutch Plate Fuso,2,
, fh,Yoke Ex FH,1,
,Select the brand,French kremb center,2,
,Select the brand,Counter Gear 4D32,1,
,Select the brand,Pressure Plater 3.3 ,2,
,Select the brand,Propeller FRR & Yoke,1,
,Select the brand,Seal Diff Fighter,3,
,Select the brand,Flywheel Fuso,16,
,Select the brand,Pressure Plate Fuso,6,
,Select the brand,Hub and drum rear UD,12,
,Select the brand,Hanger UD Swinger ,2,
,Select the brand,Hanger kisamaki Fuso,4,
,Select the brand,Steering Box Fuso,1,
,Select the brand,Cartilage 3.3,2,
,canter,Breather Canter,1,
, fh,Round Clutch Plate FH,1,
,frr,Hub rear FRR,3,
,nqr,Sensor New NQR,2,
,Select the brand,Cage 4D35,1,
,frr,Center Rubber FRR,3,
,Select the brand,Radiator 4D35,2,
,Select the brand,Shaft Axle 4D31 ,2,
, fh,Drum Handbrake FH,0,
,Select the brand,Pressure Plate 4D35,2,
,Select the brand,Alternator Oil Pipe 4.3 ,1,
, fh,Swinger Rear FH,2,
,Select the brand,Hanger Hino Front ,1,
,Select the brand,Radiator 3.3 ,3,
,Select the brand,Cross 3.3,3,
,nqr, Clutch Plate NQR,1,
,Select the brand,Diff HD 8/39,1,
,Select the brand,Con rod 4D31,2,
,Select the brand,Diesel Tank Bracket ,2,
,Select the brand,Fork 4M51,3,
,Select the brand,Kremb Gear Box Fuso,5,
,Select the brand,Hanger fighter front back,1,
,Select the brand,Flywheel 4.3,1,
, fh,Hub and drum rear FH,16,
,Select the brand,Tie rod ends Fuso,3,
,Select the brand,Crown Wheel High point Fuso,4,
,nqr,Diff 14 NQR,1,
,Select the brand,Jack 15 Ton Ex,1,
,Select the brand,Crankshaft 4D33 STD,1,
,Select the brand,Vacuum Pump Center small ,3,
,Select the brand,Hanger back Fuso,7,
, fh,Hub New FH,4,
,Select the brand,Power Pipe 4.3,3,
, fh,Top Cover ,1,
, fh,Swinger Front FH,2,
,Select the brand,Master Cylinder New,1,
, fh,Wheel Machine FH,2,
,Select the brand,Engine Mountain 4.3,7,
,Select the brand,Cross FSR,4,
,isuzu,Steering rack ISUZU,1,
,Select the brand,Diff UD,2,
, fh, Fleno FH,2,
,Select the brand,Flywheel (114),1,
,Select the brand,Water Pump Fuso,3,
,Select the brand,Cartilage 4D31 Belt,1,
,Select the brand,Jack 10 Ton,2,
,Select the brand,Tube Cut 4.3,1,
,Select the brand,Gear Mountain 4.3,2,
,Select the brand,Track rod 4.3,1,
,Select the brand,Seal 4.3,10,
,Select the brand,Water Pipe Engine,7,
,nqr,Flywheel NQR,1,
,canter,Backplate Cylinder 4D32 Canter,2,
, fh,Oil Cooler Cover FH,1,
,Select the brand,Flange Fuso,1,
,nqr,Center Rubber NQR,6,
, fh,Hub Front FH,1,
,Select the brand,Hanger with Swinger Fuso,6,
,Select the brand,Backplate Cylinder 3.3 Front,4,
,frr,Foot valve FRR,2,