name,image,quantity,VehicleBrand,price
Hanger Front Rear HINO,,,,
Shaft Axle UD,,,,
Yoke Swara,,,,
Hanger Rear FUSO Big,,,,
Dashboard FRR,,,,
Turbo Canter,,,,
Backplate ,,,,
Water Pump 4HKI,,,,
Tube Nut Front FRR,,,,
Turbo Pipe,,,,
Engine Mountain 4D35,,,,
Dragon Hino,,,,
Shaft Axle FRR 25,,,,
Oil Pump 4.3,,,,
Propeller cut 3.3,,,,
Shock Holder FH,,,,
Main Spring,,,,
Synchronizer Fuso Big,,,,
Alternator 4D35,,,,
Hub New FH,,,,
Diesel Cup,,,,
Diff 4.8,,,,
Helper Small 4.3,,,,
Engine Mountain New 48,,,,
Stable Axle FRR,,,frr,
Front 4.3,,,,
Diff Hino,,,Select the brand,
Pipes,,,,
Arm 4.3,,,,
Propeller Yoke FRR New,,,,
Water Pump FUSO,,,,
Hanger Front Rear FRR,,,,
Drum 4.3,,,,
Front Complete FH,,,,
Cup Air Cleaner,,,,
Hanger Front Rear 4.3,,,,
Seal 4.3 out,,,,
Hub and Drum 3.6,,,Select the brand,
Knooles 4HKI,,,,
Pressure Plate fuso,,,,
Vacuum Canter,,,,
Gear Box 4.8,,,,
Pressure Plate 4D35,,,,
Dobolo,,,,
Center Gear FH,,,,
Helper  Canter,,,,
Cartilage FRR,,,,
Cross Hino500,,,,
Vector 4D32,,,,
Gauge 4D35,,,,
Flywheel FH,,,,
Hanger FUSO Small,,,,
Propeller cut 4.3,,,,
Pilot M35,,,,
Hino 300,,,Select the brand,
Drum Front FRR,,,,
Propeller cut Swara,,,,
Clutch Cylinder UD,,,,
Gear Box Damage,,,,
Tube Hino500,,,,
Hanger Back FRR,,,,
 Engine 4D35,,,,
Gauge Complete 4.3,,,,
Shaft Axle FH,,,,
Housing Air Cleaner ,,,,
Clutch NQR,,,,
Hanger Back UD,,,,
Cartilage Pipe FH,,,,
Tube Nut FRR,,,,
Shaft Axle FUSO Big,,,,
Disk ISUZU,,,,
Front Axle FRR,,,frr,
Diesel Cup 4.3,,,,
Tube Nut Front UD,,,,
Turbo New FRR,,,,
Center Gear 4D35,,,,
Cross FH,,,,
Kibuyu Cartilage Canter,,,,
Head Canter,,,,
Crown UD,,,,
Cross FUSO Big,,,,
Booster Small,,,,
Flywheel Ex Japan FH,,,,
Arm FRR,,,,
Steering Canter,,,,
Fleg Gears,,,,
Pilot M-30,,,,
Disk 4.8,,,,
Pressure 4D34,,,,
Common Wall,,,,
Crown Shaft 3.6,,,,
Return Spring Canter,,,,
Kibuyu Power 4.3,,,,
Center Rubber FRR,,,,
Crown Shaft Ex 4D33,,,,
Hook FRR,,,,
Tie rod FRR,,,,
Yoke FH,,,,
Hanger New Canter,,,,
Handbrake 4.3,,,,
Gauge Empty FUSO,,,,
Sensor FH,,,,
Tank 4.3,,,,
Hub and Drum Back,,,Select the brand,
Side Arm Canter,,,,
Washer FH,,,,
Tie rod FH,,,,
Hanger Rear Front FH,,,,
Cross FH,,,,
PTO FRR,,,,
Turbo Fuso,,,,
Water Pump FH,,,,
Cylinder FH,,,,
Head 4HKI,,,,
Propeller FRR New,,,,
Horse Pipe FUSO,,,,
Sensor 4.3,,,,
Diff Gear Gauge 4D31,,,,
Bearing 30310,,,,
Pulley 4JJI,,,,
Jek,,,,
Helper FH,,,,
Tube NKR,,,,
Tube Cut 4.3,,,,
Center Rubber FH,,,,
Dragon FUSO,,,,
Diff UD,,,,
Bearing 32214,,,,
Handbrake FRR,,,,
Seal 4.3 in,,,,
Tube MK210,,,,
Cross FRR,,,,
Front Axle UD,,,Select the brand,
Diff 10 4.3,,,,
Pressure Tank,,,,
Booster 4D35,,,,
Diff Gears FUSP Big,,,,
Dragon FRR,,,,
Center Rubber 4D35,,,,
Propeller 3.3,,,,
Diff Gear Ex 4D35,,,,
Tube Cut FRR,,,,
Air Cleaner Cup FH,,,,
Clock  4.3,,,,
Helper Dyna,,,,
Hub and Drum Front FRR,,,frr,
Engine Mountain New 4,,,,
Helper FRR New,,,,
Shaft Axle Hino Short,,,,
Shaft Axle Ex-33' 4.3,,,,
Hanger Hino500,,,,
Water Pump Ex 4.3,,,,
Tie rod FUSO,,,,
Drum Cut NKR,,,,
Crown 3.6,,,,
Booster 4D35,,,,
Drum Back FRR,,,frr,
Kimeza Complete Canter,,,canter,
Tube Disk 4.3,,,,
Drum Back FH,,, fh,
Master Cylinder 4.3,,,,
Tube Empty FH,,,,
Gear FH,,,Select the brand,
Water Pump 4.3,,,,
Seal UD,,,,
Cartilage FH,,,,
Kibuyu Power Canter,,,,
Radiator 4.3,,,,
Tube Cut Short Canter,,,,
Steering Yok Fuso,,,,
Cross FRR,,,,
Tube Complete UD ,,,mk210,
Booster Complete,,,,
Hub Front Hino,,,,
Radiator 5.7,,,,
Separator,,,,
Drum Handbrake 4D35,,,,
Shock Holder UD,,,,
Radiator 4D31,,,Select the brand,
Drum Cut Back FRR,,,,
Springs Suspension NKR,,,,
Shaft Axle New FRR Short,,,,
Turbo NQR ,,,,
Dashboard FH,,,,
Gear Box Cast FH,,,,
Propeller FH,,,,
Shaft Axle FRR 20 New,,,,
Shaft Axle FRR 20 Ex,,,,
Tube Reject,,,,
Trackrod FH,,,,
Tube Cut HD,,,,
Release Bearing FH,,,,
Disk Isuzu,,,isuzu,
Crown FRR,,,,
Cover door,,,,
Hub FH,,,,
Release Bearing 3.6,,,,
Tube 9*40 FH,,,,
Shaft Axle 33' 4.3,,,,
Dragon 4.3,,,,
Steering Box 4M51,,,,
Cartilage Pipe,,,,
Tube Nut HD,,,,
Van FUSO,,,,
Drum Cut 4.3,,,Select the brand,
Cartilage 4M50,,,,
Hub FRR,,,,
Dragon 4D31,,,,
Mountain FH,,,,
Drum Handbrake 4.3,,,,
Pressure Plate NQR,,,,
Tube Nut Front FH,,,,
Booster 4.3 New,,,,
Drum Handbrake FRR,,,,
Front Disk Complete,,,Select the brand,
Alternator Ex 4.3,,,,
Cylinder Front HD,,,,
Front FRR,,,,
Seal FRR in,,,,
Lining,,,,
Drum 4D31 ,,,frr,
Tube No Diff FH,,,,
Diff Gears New FRR,,,,
Engine Mountain FRR,,,,
Diff Gears 4D35,,,,
Propeller cut FRR New,,,,
Main Pack,,,,
Turbo NQR Moto,,,,
Steering Complete,,,,
Tube Empty UD,,,,
Mountain FUSO,,,,
Shaft Axle 3.6 31,,,,
Dragon 4D35,,,,
Bumper Rubber FH,,,,
Tie rod FRR,,,,
Diff Gears HINO,,,,
Fleg Propeller FH,,,,
Shaft Axle FRR 20,,,,
Gear 4D32 Canter,,,,
Kimshaft 4HKI,,,,
Center Gear 4D32,,,,
Shaft Axle 4D32,,,,
Oil Cooler FH,,,,
Shooter FUSO,,,,
Arm Side Mirror FH,,,,
Dragon FRR,,,,
Propeller cut HiINO,,,,
1/2 Engine 4HKI,,,,
Turbo 4D34,,,,
Diff Gears New FH,,,,
Helper FRR,,,,
Hanger Mabati 4.3,,,,
Shock Holder FRR,,,,
Washer FRR,,,,
Cross 3.6,,,,
Dragon Dyna,,,,
Tube Empty 4.3,,,,
Drum Front Hino,,,Select the brand,
Starter FH,,,,
Tube Cut UD,,,,
Diff 4D35,,,Select the brand,
Front Axle Hino500,,,Select the brand,
Mountain 4D35,,,,
Pressure Plate FRR,,,,
Oil Sub,,,,
Diff 4.3 Rock,,,Select the brand,
Cross FSR,,,,
Spanner 4*21,,,,
Yoke Fleg FH ,,,,
Shaft Axle FRR,,,,
Release Bearing Ex FUSO,,,,
Paralipa Fuso,,,,
Drum Back UD,,,Select the brand,
Crown FSR,,,,
Bearing 30201,,,,
Hub and Drum FRR,,,,
Diff UD,,,Select the brand,
Hanger Front Back UD,,,,
Engine Mountain FUSO,,,,
Diff Gears 19,,,,
Cylinder down FH,,,,
Cartilage 4.3,,,,
Turbo 4.8,,,,
Fleg Diff,,,,
Head 4HLI,,,,
Cross FRR New,,,,
Stepper 4.3,,,,
Air Cleaner Dyna,,,,
Shaft Axle New 3.3,,,,
Crown 4D35,,,,
Air Cleaner FUSO,,,,
Bell Housing FH,,,,
Cartilage FUSO,,,,
Diff 3.3,,,Select the brand,
Flywheel 4HKI,,,,
Fleg FUSO Big,,,,
Shaft Axle 4D32,,,,
Radiator Dyna,,,,
Van Clutch FH,,,,
Front 5.7,,,,
Handbrake FH,,,,
Crown Fuso,,,,
Steering Yoke Hino500,,,,
Cartilage Pipe 4.8,,,,
Booster 4.3,,,,
Disk ISUZU,,,,
Tube Nut Canter,,,,
Release Bearing 4.3,,,,
Clutch Cylinder Canter,,,,
Bumper Rubber 4.3,,,,
Radiator FH,,,,
Trackrod 4.3,,,,
Return Spring FRR,,,,
Cartilage FRR,,,,
Mountain 4.3 New,,,,
Gauge Empty,,,,
Tube 4D32 local,,,,
Nut Front FRR,,,,
Tube Canter short,,,,
Diff Gears 4.3,,,,
Steering Yoke 4.3,,,,
Cross FH,,,,
Gauge Hino500,,,,
Dragon HD,,,,
Cylinder Canter,,,,
Fleg Propeller FUSO,,,,
Crown 4.3,,,,
Washer 4.3,,,,
Propeller cut UD,,,,
Arm Suspension ISUZU,,,,
Spanner 33*32,,,,
Hanger Front Rear Canter,,,,
Switch Reverse,,,,
Shaft Axle 3.3,,,,
Diff Fuso,,,Select the brand,
Gauge FH,,,,
Shaft Axle New 4.3,,,,
Brake Booster FH,,,,
1/2 Engine 4JJI,,,,
Grease cups,,,,
Mountain 4.3,,,,
Shaft Axle 37 FRR ,,,,
Shaft Axle FRR 26,,,,
Steering Yok Canter,,,,
Diff Gears Ex FRR,,,,
Steering Yoke 3.6,,,,
Front HD,,,Select the brand,
Cross UD,,,,
Gauge Empty 8*41,,,,
Radiator 3.3,,,Select the brand,
Housing Filter 3.3,,,,
Hub FRR,,,,
Handbrake 4D35,,,,
Main Shaft,,,,
Hanger Front Front FUSO Big,,,,
Arm ISUZU,,,,
Engine Mountain Box,,,,
Horse Pipe 4.3,,,,
Cylinder HD,,,,
Diff Gears FRR,,,,
Cartilage 4D35,,,,
Tube Nut 4.3,,,,
Dragon FH,,,,
Turbo New FRR,,,,
Arm Suspension Canter,,,,
Hanger Rear Rear FUSO Big,,,,
Gear Box FH,,,,
Booster 3.3,,,,
Shaft Axle New 4.3,,,,
Clutch Cylinder 4.3,,,,
Top Cover Gear,,,,
Diff 9*37,,,,
Cylinder 3.3,,,,
Gear New FRR,,,Select the brand,
Hub Ex FH,,,,
Starter Canter,,,,
Vacuum,,,,
Propeller cut FRR,,,,
Cartilage 4D32,,,,
Hanger Cast Canter,,,,
Tube Cut 4D31,,,,
Hanger Front Front FH,,,,
Crown FH,,,,
Breather Canter,,,,
Male FH,,,,
Washer FUSO,,,,
Propeller FRR,,,,
Starter 3.3,,,,
Radiator FRR,,,frr,
Shaft Axle 4D35,,,,
Shaft Axle 4D35,,,,
Engine Mountain 4.3,,,,
Cross Canter,,,,
Gear Level,,,,
Shaft Axle Ex 4D32 ,,,,
Cartilage NQR,,,,
Tie rod FH,,,,
Crown Shaft 4D33,,,,
Seal FUSO Big,,,,
Steering Box Hino500,,,,
Diff 3.6,,,Select the brand,
Trackrod HINO,,,,
Tube Empty 4.3,,,,
J-30,,,,
Crown Hydai,,,,
Pressure Plate 4.3,,,,
Propeller cut 4D35,,,,
Separator,,,,
Propeller 4D35 Canter,,,,
Cylinder Front 3.3,,,,
Cartilage 4.3,,,,
Bearing 3984,,,,
Head FUSO,,,,
Stepper FH,,,,
Yoke New FH ,,,,
Shaft Axle 3.6,,,,
Piston Arm 3.3,,,,
Fleg FH,,,,
Van 4HKI,,,,
Shaft Axle MK210,,,,
Shaft Axle UD Short,,,,
Brake Booster FUSO,,,,
Gauge Complete Drock,,,,
Shooter FUSO,,,,
Pump 4HKI,,,,
Disk Canter,,,Select the brand,
Release Bearing 4D35,,,,
Cartilage 4.3,,,,
Bamper FH,,, fh,
Hanger Rear FH,,,,
Arm Canter,,,,
Hub FH,,,,
Kibuyu Power FRR,,,,
Center Gear FUSO,,,,
Radiator FH,,, fh,
Water Jacket ,,,,
PTO 4.3,,,,
Shaft Axle 27 3.6,,,,
Trackrod FRR,,,,
Return Spring FH,,,,
Hanger Front Front FRR,,,,
Roller FRR,,,,
Helper Big 3.6 ,,,,
Cross 3.6,,,,
Clutch Cylinder 4.3,,,,
Synchronizer Canter,,,,
Pressure FRR,,,,
Steering Lock 4.3,,,,
Synchronizer FH,,,,
Tube Hino500,,,,
Diff Gear Ex UD,,,,
Block 4HKI,,,,
Oil Kichungi 4HKI,,,,
Diff Gear Ex FH,,,,
Hanger 5.7,,,,
Stable Axle others,,,Select the brand,
Hanger Mabati Canter,,,,
Housing Air Cleaner 5.7,,,,
Steering Box Fuso,,,,
Tube UD,,,Select the brand,
Steering Arm R hand FH,,,,
Shaft Axle New 4D32 ,,,,
Drum Fuso,,,,
Drum Cut 4.3,,,,
Cross FUSO Big,,,,
Synchronizer FH,,,,
Diff Gears FH,,,Select the brand,
Kibuyu Power FUSO,,,,
Steering Box 4.3,,,,
Front NKR,,,Select the brand,
Water Pump 3.3,,,,
Cartilage 4.3,,,,
Cylinder Canter,,,,
Turbo FRR,,,,
Tube UD,,,,
Front Axle FRR Empty,,,,
Diff FRR,,,Select the brand,
 Cartridge Pipe Canter,,,,
Cartilage Pipe 4.3,,,,
Cartilage 4M40,,,,
Center 4.3,,,,
Tube FRR short,,,,
Hanger Front Front Canter,,,,
Propeller cut 4D31,,,,
Cartilage Ex FRR,,,,
Gear Mountain 4.3,,,,
Front Canter Short,,,,
Hanger HINO,,,,
Front Axle FH Empty,,,,
Clock 3.3,,,,
Tube 3.6 Without Diff,,,,
Diff Gears 23,,,,
Crown Shaft 4D35,,,,
Fleno 4.3,,,,
Drum HD,,,Select the brand,
Tank Complete,,,,
Starter 4.3,,,,
Water Pump FRR,,,,
Booster Ex Small,,,,
Fleno New,,,,
Front NKR,,,,
Hub FUSO,,,,
Gas Exhaust,,,,
Propeller cut FH,,,,
Pilot p-27,,,,
Crown 4D31,,,,
Clutch Booster 4D35,,,,
Van FH,,,,
Mountain Gear 3.6,,,,
Housing Air Cleaner FRR,,,,
Center Rubber NQR,,,,
Cross FUSO,,,,
Hanger Rear 4.3,,,,
Fleno FH New,,,,
Gear Cover FH,,,,
Cross UD,,,,
Diff 8*39,,,Select the brand,
Drum Front Cut 3.6,,,Select the brand,
Fleno 4.3,,,,
Drum Hino500,,,,
Block 4HKI,,,,
Propeller cut FUSO Big,,,,
Hanger Kimeza FH,,,,
Yoke New FH,,,,
Booster FUSO,,,,
Cartilage 4D35,,,,
Arm Side Mirror Canter,,,,
Diff 4.8,,,Select the brand,
Release Bearing 4.3,,,,
Bearing 30311,,,,
Booster 4.3,,,,
Gears FRR 25,,,,
Steering Yoke Canter,,,,